Date,Weekday,Prev Close,Open,High,Low,Close,Volume,,do,dh,dl,dc,o,h,l,c,,p,0.001,action
42718,3,11.73,11.59,11.73,11.3,11.32,40564000,,,,,,,,,,,,,
42711,3,11.29,11.16,11.26,11.07,11.09,42151800,0.64,-0.14,0.14,-0.43,0.02,-0.152051325,0.983265235,-1.327914905,0.496700995,3.010616234,0.998696409,FALSE,0
42704,3,10.06,10.06,11.1,10.06,10.93,109750300,0.36,-0.13,0.1,-0.19,0.02,-0.599625351,1.124297533,-1.049344365,0.524672182,3.073079925,0.998940691,FALSE,0
42697,3,10.63,10.6,10.77,10.56,10.67,25907100,-0.61,0,1.04,-1.04,0.87,-0.227965422,0.862076136,-1.31800698,0.683896266,-0.86731672,0.192884249,FALSE,0
42690,3,10.34,10.28,10.46,10.15,10.23,41035900,0.4,-0.03,0.17,-0.21,0.11,-0.236801111,0.947204446,-1.302406113,0.592002778,2.308810836,0.98952296,FALSE,0
42683,3,10.1,10.14,10.37,10.04,10.28,39671000,0.06,-0.06,0.18,-0.31,0.08,-0.152937649,0.976448064,-1.329381099,0.505870684,0.411755208,0.659740572,FALSE,0
42676,3,10.57,10.35,10.46,10.15,10.28,49285000,-0.18,0.04,0.23,-0.33,0.24,-0.018769072,0.694455665,-1.407680402,0.731993809,-0.844608241,0.199164803,FALSE,0
42669,3,11.24,11.07,11.31,11.03,11.09,57440200,-0.52,-0.22,0.11,-0.31,0.13,-0.654264455,0.809513648,-1.053476665,0.898227472,-1.984971822,0.023573803,FALSE,0
42662,3,11.45,11.57,11.79,11.55,11.66,46880900,-0.42,-0.17,0.24,-0.28,0.06,-0.568655562,1.190957875,-1.040746972,0.418444659,-1.641590584,0.05033744,FALSE,0
42655,3,11.58,11.46,11.49,11.36,11.43,45737900,0.02,0.12,0.22,-0.24,0.11,0.335444709,0.832399834,-1.45359374,0.285749197,-0.161510416,0.435845704,FALSE,0
42648,3,11.09,11.33,11.4,11.23,11.35,45925300,0.23,-0.12,0.03,-0.13,0.07,-0.805437242,0.658994107,-0.903065998,1.049509133,2.611569238,0.995493613,FALSE,0
42641,3,10.15,10.3,10.82,10.12,10.65,93160700,0.44,0.24,0.07,-0.17,0.12,1.016594593,0.02904556,-1.365141311,0.319501158,2.178416985,0.985312497,FALSE,0
42634,3,10.07,10.25,10.41,10.21,10.4,43920000,-0.25,0.15,0.52,-0.7,0.53,0.043273152,0.683715798,-1.428014009,0.701025059,-0.649097277,0.258137751,FALSE,0
42627,3,10.37,10.27,10.43,10.04,10.09,53454200,-0.02,0.18,0.16,-0.2,0.19,0.516567619,0.410605031,-1.496721563,0.569548914,-0.543058266,0.293544843,FALSE,0
42620,3,10.39,10.4,10.54,10.31,10.52,31322200,-0.15,-0.1,0.16,-0.39,0.05,-0.125803397,0.964492711,-1.341902903,0.503213588,-0.335475726,0.368633127,FALSE,0
42613,3,10.73,10.62,10.66,10.29,10.36,30406800,0.03,0.01,0.14,-0.23,0.21,-0.116202412,0.555189304,-1.355694812,0.916707921,-0.012911379,0.494849248,FALSE,0
42606,3,11.09,10.94,11.03,10.74,10.82,29656300,-0.09,-0.11,0.04,-0.37,0.07,-0.087038828,0.659008269,-1.380187129,0.808217688,0.012434118,0.504960368,FALSE,0
42599,3,10.92,10.88,11.02,10.76,10.99,33277200,0.1,-0.15,0.09,-0.29,0.08,-0.445512252,0.85052339,-1.201533043,0.796521905,0.904524875,0.817141425,FALSE,0
42592,3,10.07,10.1,10.21,9.75,9.77,30805100,1.15,-0.04,0.14,-0.26,0.23,-0.265722881,0.566105267,-1.282401728,0.982019341,5.233585429,0.999999917,TRUE,1
42585,3,9.33,9.35,9.69,9.23,9.69,36429700,0.38,0.03,0.11,-0.46,0.02,0.404145188,0.712065332,-1.481865691,0.36565517,1.751295817,0.960052516,FALSE,0
42578,3,10.08,10.1,10.17,9.81,9.9,28954700,-0.57,0.02,0.34,-0.46,0.46,-0.170310084,0.608250302,-1.338150663,0.900210446,-1.605780796,0.054161041,FALSE,0
42571,3,10.7,10.55,10.85,10.51,10.73,26551900,-0.65,0.02,0.07,-0.36,0.09,0.306526488,0.542316094,-1.485474518,0.636631936,-2.853054233,0.002165062,FALSE,0
42564,3,11.19,11.07,11.15,10.65,10.75,34345300,-0.05,-0.15,0.3,-0.34,0.22,-0.519003626,0.963863876,-1.145103237,0.700242987,-0.189477514,0.424859289,FALSE,0
42557,3,11.18,11.09,11.41,11.01,11.33,17436200,-0.14,-0.12,0.08,-0.5,0.1,-0.035928788,0.682646969,-1.401222726,0.754504545,-0.107786364,0.45708258,FALSE,0
42550,3,11.47,11.55,11.96,11.5,11.79,24821700,-0.61,-0.09,0.32,-0.4,0.32,-0.364397282,0.807390055,-1.250382829,0.807390055,-1.850566587,0.032115965,FALSE,0
42543,3,11.89,11.99,12.04,11.58,11.74,26056700,-0.27,0.08,0.41,-0.46,0.29,1.15358E-15,0.85721515,-1.4027157,0.54550055,-0.909167584,0.181630836,FALSE,0
42536,3,11.73,11.57,11.78,11.43,11.47,23350400,0.42,0.1,0.05,-0.46,0.16,0.482060644,0.306765864,-1.481240888,0.692414379,1.603947233,0.945637158,FALSE,0
42529,3,12.22,12.34,12.45,12.28,12.43,26500300,-0.7,-0.16,0.21,-0.35,0.04,-0.39121934,1.132477037,-1.17365802,0.432400323,-2.614992431,0.004461472,FALSE,0
42522,3,11.87,11.62,11.93,11.56,11.93,25553100,0.29,0.12,0.11,-0.17,0.15,0.452097913,0.385120445,-1.490248678,0.653030319,1.590714881,0.944163122,FALSE,0
42515,3,11.82,11.92,12.05,11.79,12.03,24984100,-0.16,-0.25,0.31,-0.37,0.37,-0.698740798,0.777843529,-1.015151725,0.936048993,-0.461432602,0.322244133,FALSE,0
42508,3,11.92,11.85,12,11.7,11.7,29425500,0.12,0.1,0.13,-0.26,0.24,0.219042914,0.357385806,-1.4410718,0.86464308,0.311271509,0.622202888,FALSE,0
42501,3,10.99,10.91,11.42,10.85,11.34,29338200,0.58,-0.07,0.15,-0.3,0,-0.080064077,1.094209051,-1.307713256,0.293568282,3.389379256,0.999649745,TRUE,1
42494,3,10.74,10.93,11.04,10.63,10.79,24287300,0.2,-0.08,0.51,-0.57,0.49,-0.324185115,0.817720663,-1.272547541,0.779011993,0.217736271,0.586182699,FALSE,0
42487,3,10.81,11.03,11.22,10.76,11.14,37920900,-0.4,0.19,0.11,-0.41,0.16,0.625896932,0.34380254,-1.489811007,0.520111535,-1.454549208,0.072897051,FALSE,0
42480,3,10.44,10.24,10.88,10.2,10.76,42501200,0.05,0.22,0.19,-0.46,0.38,0.370462078,0.289633988,-1.461641289,0.801545223,-0.087563764,0.465111702,FALSE,0
42473,3,10.64,10.59,10.74,10.48,10.51,42934000,-0.07,-0.2,0.64,-0.68,0.56,-0.442718872,0.885437745,-1.201665511,0.758946638,-0.237170825,0.406262135,FALSE,0
42466,3,9.13,9.38,9.63,9.32,9.6,45696600,1.04,-0.05,0.15,-0.26,0.03,-0.101445724,1.05793398,-1.318794414,0.362306158,6.217173666,1,TRUE,1
42459,3,9.8,9.99,10.13,9.7,9.73,36954600,-0.6,0.25,0.25,-0.31,0.28,0.46434096,0.46434096,-1.498156681,0.569474762,-2.514450103,0.005960909,FALSE,0
42452,3,10.54,10.33,10.37,10.08,10.11,40194200,-0.31,0.19,0.14,-0.43,0.03,0.733203341,0.556527837,-1.457572907,0.167841729,-1.033551698,0.150672895,FALSE,0
42445,3,9.7,9.91,10.2,9.91,10.18,38311700,0.36,-0.21,0.04,-0.29,0.03,-0.610830048,0.878999337,-1.087575451,0.819406162,2.785980949,0.9973317,FALSE,0
42438,3,9.65,9.87,10.21,9.85,10.15,43985300,-0.45,0.21,0.29,-0.29,0.27,0.326751062,0.617196451,-1.488532616,0.544585104,-2.069423393,0.019253187,FALSE,0
42431,3,9.15,9.01,9.36,8.94,9.3,49507900,0.35,0.22,0.34,-0.36,0.3,0.290378248,0.657171823,-1.482457369,0.534907298,0.687737955,0.754191093,FALSE,0
42424,3,8.48,8.19,8.63,8.14,8.59,48189900,0.56,-0.14,0.35,-0.42,0.36,-0.46218369,0.81370368,-1.191262187,0.839742198,1.360512553,0.913166108,FALSE,0
42417,3,8.31,8.43,8.9,8.39,8.78,60273400,-0.3,-0.29,0.44,-0.49,0.45,-0.649324082,0.843610027,-1.058347125,0.864061179,-0.669775234,0.251500542,FALSE,0
42410,3,8.18,7.97,8.4,7.89,7.96,64182800,0.35,0.12,0.47,-0.51,0.39,0.005626508,0.793337618,-1.412253491,0.613289364,0.523265238,0.699605156,FALSE,0
42403,3,8.57,8.84,9.35,8.54,9.34,72246300,-1.16,-0.21,0.43,-0.51,0.07,-0.386735342,1.210107361,-1.135255359,0.311883341,-2.75704873,0.002916283,FALSE,0
42396,3,8.97,8.92,9.43,8.79,9.18,71429700,-0.61,0.27,0.51,-0.81,0.8,0.110307014,0.451902929,-1.426874603,0.86466466,-1.14221134,0.126683092,FALSE,0
42389,3,8.49,8.34,8.37,7.92,8.24,83215600,0.73,-0.05,0.51,-0.64,0.39,-0.196863763,0.878684599,-1.330030787,0.64820995,1.301221456,0.903408668,FALSE,0
42382,3,9.17,9.3,9.39,8.93,9.09,100555700,-0.6,-0.15,0.03,-0.45,0.32,-0.271032956,0.286520553,-1.200288803,1.184801206,-1.664916727,0.047964685,FALSE,0
42375,3,10.66,10.3,10.47,10.06,10.11,73087100,-0.94,0.13,0.09,-0.46,0.16,0.508937768,0.37322103,-1.492884119,0.610725321,-3.121484976,0.000899707,TRUE,-1
42368,3,11.26,10.96,11,10.84,10.93,24796400,-0.27,-0.36,0.17,-0.41,0.05,-0.765461015,1.057884324,-0.937474726,0.645051417,-0.455836335,0.324253837,FALSE,0
42361,3,10.77,11.06,11.29,11,11.26,39354100,0,-0.3,0.04,-0.16,0.09,-1.202931037,0.677512883,-0.428630599,0.954048753,0.456284186,0.675907183,FALSE,0
42354,3,11.4,11.23,11.34,10.88,10.99,36387300,-0.22,0.29,0.23,-0.29,0.26,0.606688964,0.389367544,-1.494084762,0.498028254,-1.240543105,0.10738729,FALSE,0
42347,3,11.68,11.77,12.06,11.43,11.56,38871100,-0.16,-0.17,0.11,-0.46,0.11,-0.247758561,0.779980655,-1.312202748,0.779980655,-0.211053589,0.416422728,FALSE,0
42340,3,12.95,12.77,13.03,12.38,12.48,52543800,-0.8,0.09,0.29,-0.63,0.13,0.293235846,0.781962255,-1.466179228,0.390981127,-1.881596676,0.029945399,FALSE,0
42333,3,13.32,13.11,13.42,12.96,13.39,27117000,-0.44,-0.18,0.26,-0.65,0.1,-0.15669542,0.946440334,-1.335044975,0.54530006,-0.808548365,0.209387488,FALSE,0
42326,3,13.01,13.14,13.2,12.83,13.05,24754800,0.27,-0.21,0.31,-0.46,0.43,-0.538483535,0.692335974,-1.130223683,0.976371245,0.59765755,0.724965772,FALSE,0
42319,3,14.09,14.06,14.09,13.64,13.76,24154300,-0.75,0.13,0.06,-0.37,0.22,0.458608029,0.191086679,-1.452258758,0.802564051,-2.904517517,0.001839098,FALSE,0
42312,3,15.28,15.2,15.28,14.75,14.85,25783000,-0.76,-0.03,0.03,-0.45,0.12,0.207808779,0.445304527,-1.454661456,0.801548149,-2.681722821,0.003662206,FALSE,0
42305,3,13.82,13.97,14.7,13.91,14.69,48935900,0.59,-0.08,0.08,-0.53,0.1,0.093869777,0.640021209,-1.442181125,0.708290138,2.380878898,0.991364306,FALSE,0
42298,3,14.73,14.5,14.67,14.34,14.43,26555000,-0.61,0.15,0.73,-0.79,0.78,-0.092466476,0.702060284,-1.380147778,0.77055397,-1.133570507,0.128487375,FALSE,0
42291,3,15.06,14.98,15.16,14.85,15.05,18763700,-0.32,-0.23,0.17,-0.33,0.09,-0.639390485,1.010649477,-1.051900476,0.680641484,-1.010649477,0.156092113,FALSE,0
42284,3,15.74,15.93,16.049999,15.42,15.57,40832800,-0.51,-0.08,0.18,-0.31,0.2,-0.320995147,0.755891797,-1.273625905,0.838729254,-2.102000477,0.017776617,FALSE,0
42277,3,14.61,14.55,14.82,14.46,14.68,24486700,1.06,0.19,0.119999,-0.629999,0.15,0.592033486,0.413784299,-1.495996048,0.490178263,2.807384596,0.997502721,FALSE,0
42270,3,14.92,15.08,15.24,14.35,14.44,36964200,0.17,-0.06,0.27,-0.36,0.22,-0.266726501,0.869012149,-1.299216182,0.696930535,0.524848921,0.70015589,FALSE,0
42263,3,14.57,14.91,15.43,14.81,15.36,44264700,-0.44,0.16,0.16,-0.89,0.09,0.544331054,0.544331054,-1.496910398,0.40824829,-0.622092633,0.266940479,FALSE,0
42256,3,15.02,14.99,15.06,14.45,14.52,21851300,0.05,0.34,0.52,-0.62,0.55,0.25776291,0.583358165,-1.478745115,0.637624041,-0.266807223,0.394808796,FALSE,0
42249,3,14.81,15.11,15.32,14.16,15.09,59080600,-0.07,-0.03,0.07,-0.61,0.07,0.290740654,0.596783448,-1.48430755,0.596783448,0.168323537,0.566835621,FALSE,0
42242,3,12.73,12.85,13,12.62,12.77,32439600,2.04,0.3,0.21,-1.16,0.93,0.261262444,0.159029314,-1.397186112,0.976894355,2.237769627,0.987381959,FALSE,0
42235,3,14.05,13.98,14.03,13.41,13.43,35899200,-0.7,0.12,0.15,-0.38,0.15,0.422452455,0.537666761,-1.497785977,0.537666761,-2.726738573,0.003198185,FALSE,0
42228,3,14.48,14.52,14.58,14.28,14.44,18405400,-0.39,-0.07,0.05,-0.62,0.02,0.270557981,0.652522189,-1.480111308,0.557031137,-0.748013242,0.227226085,FALSE,0
42221,3,15.22,15.31,15.52,14.9,15.03,26607600,-0.55,0.04,0.06,-0.3,0.16,0.249584372,0.349418121,-1.447589358,0.848586865,-2.695511219,0.003514036,FALSE,0
42214,3,15.85,15.82,16.450001,15.8,16.24,34719700,-1.02,0.09,0.21,-0.62,0.13,0.3572232,0.668981629,-1.487347504,0.461142676,-2.526542267,0.005759576,FALSE,0
42207,3,16.91,16.66,16.809999,16.299999,16.34,27095700,-0.49,-0.03,0.630001,-0.650001,0.44,-0.223549214,0.933648469,-1.310613809,0.600514554,-1.030079709,0.151486295,FALSE,0
42200,3,17.719999,17.5,17.700001,17.15,17.23,28590500,-0.32,-0.25,0.149999,-0.51,0.040001,-0.361374461,0.983271334,-1.235396413,0.613499539,-0.596688063,0.275357832,FALSE,0
42193,3,17.76,17.620001,17.700001,17.07,17.379999,23668700,0.34,-0.219999,0.200001,-0.550001,0.08,-0.290782982,0.96183027,-1.274985074,0.603937787,1.379365038,0.916108883,FALSE,0
42186,3,19.879999,19.540001,19.58,19,19.1,25025900,-1.34,-0.139999,0.08,-0.630001,0.309999,-0.112158553,0.43618489,-1.333479486,1.009453149,-3.103138878,0.000957399,TRUE,-1
42179,3,20.469999,20.370001,20.620001,20.040001,20.200001,21365500,-0.320002,-0.339998,0.039999,-0.58,0.1,-0.449981951,0.729286016,-1.194794859,0.915490795,-0.38792714,0.349034977,FALSE,0
42172,3,20.26,20.620001,20.66,19.9,20.209999,19734800,0.26,-0.099998,0.25,-0.58,0.16,-0.087243654,0.852341385,-1.375830155,0.610732423,0.879186826,0.810350007,FALSE,0
42165,3,20.209999,20.790001,20.799999,20.43,20.639999,22667900,-0.379999,0.360001,0.039999,-0.76,0.309999,0.719425916,0.10139381,-1.443674867,0.62285514,-0.709764396,0.238925126,FALSE,0
42158,3,20.68,20.49,20.74,20.049999,20.17,16725400,0.039999,0.580002,0.009998,-0.369999,0.209999,1.192138082,-0.246000752,-1.204745677,0.258608347,-0.170307242,0.432384258,FALSE,0
42151,3,19.690001,19.459999,19.709999,19.389999,19.48,19496800,1.2,-0.19,0.25,-0.690001,0.120001,-0.149535137,0.903192225,-1.345818623,0.592161534,3.176126303,0.99925372,TRUE,1
42144,3,19.629999,19.84,19.969999,19.66,19.84,22755900,-0.149999,-0.230002,0.25,-0.32,0.090001,-0.66323787,1.130296584,-0.999516706,0.532457993,-0.364305497,0.357814948,FALSE,0
42137,3,20.74,21.07,21.200001,20.610001,20.610001,23773400,-0.980002,0.210001,0.129999,-0.309999,0.18,0.645736367,0.317736654,-1.486208469,0.522735449,-4.233149692,1.15221E-05,TRUE,-1
42130,3,20.76,21.24,21.5,20.82,20.82,35374900,-0.08,0.33,0.130001,-0.59,0,0.916156077,0.410692834,-1.408986466,0.082137556,-0.120048752,0.452222264,FALSE,0
42123,3,19.6,19.639999,20.4,19.629999,20.120001,31333300,0.639999,0.48,0.26,-0.68,0,0.924165371,0.486925841,-1.381279425,-0.029811786,1.242155769,0.892910452,FALSE,0
42116,3,19.450001,19.459999,19.66,19.26,19.360001,17294700,0.239999,0.039999,0.760001,-0.770001,0.490002,-0.134434848,0.941031984,-1.344331672,0.537734536,0.164305109,0.56525452,FALSE,0
42109,3,18.82,19.030001,19.91,18.93,19.709999,52135400,-0.259998,0.009998,0.200001,-0.4,0.100001,0.123397604,0.844854766,-1.433398835,0.465146465,-0.90179962,0.183581661,FALSE,0
42102,3,19.059999,18.709999,18.75,17.879999,18.07,38892700,0.75,0.210001,0.879999,-0.98,0.779999,-0.014631111,0.769672507,-1.407653313,0.652611916,0.61749491,0.731545831,FALSE,0
42095,3,16.84,17,17.879999,16.93,17.58,34953900,1.479999,-0.35,0.040001,-0.870001,0.190001,-0.216558787,0.607421092,-1.315197922,0.924335618,3.649796312,0.999868776,TRUE,1
42088,3,16.790001,17.049999,17.530001,16.790001,17.360001,31953900,-0.520001,0.16,0.879999,-0.949999,0.65,-0.030710149,0.853740913,-1.394239535,0.571208771,-0.866027429,0.19323756,FALSE,0
42081,3,15.96,15.68,16.780001,15.61,16.76,54427700,0.030001,0.259998,0.480002,-0.74,0.57,0.194994409,0.560103175,-1.464557401,0.709459818,-0.186698292,0.425948598,FALSE,0
42074,3,17.91,17.84,17.85,17.440001,17.77,29810100,-1.81,-0.28,1.100001,-1.170001,1.15,-0.425384141,0.79759615,-1.214118121,0.841906112,-1.78129609,0.037432046,FALSE,0
42067,3,18.49,18.709999,19.1,18.24,19.01,32762300,-1.1,-0.07,0.01,-0.409999,0.329999,-0.115162628,0.148066237,-1.233882015,1.200978406,-3.504234266,0.000228961,TRUE,-1
42060,3,18.040001,18.15,18.799999,17.82,18.65,38292100,-0.16,0.219999,0.390001,-0.86,0.77,0.128771622,0.372012473,-1.416503585,0.915719489,-0.414935394,0.3390946,FALSE,0
42053,3,19.790001,19.549999,19.83,19.17,19.26,25160600,-1.219999,0.109999,0.649999,-0.979999,0.83,-0.05217177,0.610704904,-1.390198157,0.831665023,-1.684810012,0.046012616,FALSE,0
42046,3,18.940001,18.49,18.709999,18.01,18.51,36156300,1.280001,-0.240002,0.280001,-0.66,0.09,-0.260864023,1.000976594,-1.28003225,0.539919679,3.427579165,0.999695506,TRUE,1
42039,3,19.620001,19.08,19.1,17.950001,18.280001,66548700,0.66,-0.450001,0.219999,-0.699999,0.5,-0.610353176,0.583619765,-1.055861903,1.082595313,1.36772318,0.914300629,FALSE,0
42032,3,17.209999,16.959999,17.09,16.5,16.559999,40085000,3.060002,-0.540001,0.02,-1.149999,0.33,-0.314519006,0.544652208,-1.250397196,1.020263995,5.208719252,0.999999905,TRUE,1
42025,3,17.48,17.719999,18.030001,17.6,17.77,23663900,-0.560001,-0.25,0.130001,-0.59,0.059999,-0.265649969,0.888032932,-1.297889847,0.675506885,-1.206812894,0.113752105,FALSE,0
42018,3,17.620001,17.450001,18.48,17.27,18.27,42369300,-0.79,0.239999,0.310002,-0.430001,0.17,0.492873966,0.698861203,-1.478633668,0.286898499,-2.53794826,0.005575223,FALSE,0
42011,3,18.049999,18.299999,18.65,18.049999,18.370001,31332600,-0.75,-0.17,1.029999,-1.21,1,-0.310135237,0.809149738,-1.280183024,0.781168523,-0.851123426,0.197350397,FALSE,0
42004,3,20.290001,20.01,20.42,19.84,20.360001,24301300,-2.310002,0.25,0.350001,-0.600001,0.320002,0.373406535,0.59306028,-1.493633826,0.527167012,-5.249677506,7.61829E-08,TRUE,-1
41997,3,21.559999,21.190001,21.200001,20.84,21.049999,9762600,-0.759998,-0.280001,0.41,-0.58,0.520001,-0.558225585,0.73648002,-1.121138374,0.94288394,-1.45888342,0.072298599,FALSE,0
41990,3,21.299999,20.959999,22.43,20.85,21.34,47424400,0.219999,-0.369998,0.01,-0.360001,0.209999,-0.847401735,0.480489483,-0.812467529,1.179379782,1.214324471,0.887688078,FALSE,0
41983,3,24.200001,23.67,23.68,22.950001,23.280001,26212500,-1.980002,-0.34,1.470001,-1.58,0.49,-0.270767996,1.129489128,-1.230059639,0.371338507,-1.539510103,0.061839907,FALSE,0
41976,3,25.58,25.639999,25.889999,25.35,25.58,12303500,-1.379999,-0.530001,0.01,-0.729999,0.33,-0.616151596,0.492919634,-1.02691385,1.150145812,-2.361904525,0.009090662,FALSE,0
41969,3,28.030001,27.969999,28.18,27.85,27.9,14993400,-2.32,0.059999,0.25,-0.539999,0.23,0.162179442,0.675758937,-1.459636601,0.621698222,-6.271042937,1.79319E-10,TRUE,-1
41962,3,28.200001,28.360001,28.620001,28.1,28.25,6732900,-0.219999,-0.060002,0.210001,-0.33,0.05,-0.121040153,1.067291658,-1.309349958,0.363098453,-0.825215754,0.204624556,FALSE,0
41955,3,29.42,29.24,29.57,29.08,29.139999,6031000,-0.939998,0.16,0.26,-0.520001,0.15,0.411485632,0.690458469,-1.485532449,0.383588348,-2.657209995,0.003939517,FALSE,0
41948,3,29.299999,29.35,30.110001,29.34,29.950001,13851100,-0.530001,-0.18,0.33,-0.49,0.059999,-0.315186936,1.146137634,-1.203443047,0.372492349,-1.318059605,0.093741848,FALSE,0
41941,3,30.82,31.18,31.450001,31,31.23,7632900,-1.930001,0.050001,0.760001,-0.770001,0.610001,-0.16240844,0.862573823,-1.346193659,0.646028275,-3.020812567,0.001260487,FALSE,0
41934,3,31.299999,31.469999,31.5,30.459999,30.549999,8602000,0.270001,0.36,0.270001,-0.450001,0.23,0.691601142,0.449879157,-1.483923583,0.342443284,0.449879157,0.673601211,FALSE,0
41927,3,30.85,30.690001,31.01,30.34,30.67,14628300,0.629999,0.17,0.030001,-1.040001,0.09,0.625853349,0.380765676,-1.492421274,0.48580225,1.431145417,0.923805728,FALSE,0
41920,3,33.439999,33.07,33.09,32.689999,33,7458500,-2.15,-0.159999,0.319999,-0.67,0.33,-0.241955922,0.76795163,-1.314989271,0.788993563,-4.428883865,4.7361E-06,TRUE,-1
41913,3,34.41,34.599998,34.98,34.049999,34.150002,6886000,-0.710003,-0.369999,0.02,-0.400001,0.310001,-0.76669496,0.383347849,-0.855165916,1.238513028,-1.76931075,0.038421015,FALSE,0
41906,3,34.439999,34.529999,35.110001,34.310001,35,6149100,-0.59,0.189998,0.380002,-0.930001,0.100003,0.433403657,0.756341837,-1.470190154,0.280444659,-0.892311245,0.186113064,FALSE,0
41899,3,35.25,35.240002,35.369999,34.91,35.009998,5156200,-0.569999,0.09,0.580002,-0.8,0.689999,-0.073662636,0.648230533,-1.384850998,0.810283102,-1.046003094,0.147779802,FALSE,0
41892,3,34.619999,34.419998,34.43,34.02,34.259998,5094100,0.990002,-0.009998,0.129997,-0.459999,0.099998,0.182909746,0.695013139,-1.463199321,0.585276436,3.840921767,0.999938713,TRUE,1
41885,3,34.790001,35.130001,35.759998,35.009998,35.549999,4412000,-0.93,-0.200001,0.010002,-0.41,0.239998,-0.394372387,0.358525974,-1.147256407,1.18310282,-3.011549525,0.00129959,FALSE,0
41878,3,35.040001,35.029999,35.169998,34.849998,35.029999,2540500,-0.239998,0.34,0.629997,-0.75,0.540001,0.235007942,0.689350415,-1.472710743,0.548352387,-0.673683271,0.25025635,FALSE,0
41871,3,34.709999,34.880001,34.93,34.689999,34.860001,3178800,0.18,-0.010002,0.139999,-0.32,0.180001,-0.033058221,0.627978408,-1.399182667,0.804262481,0.804258074,0.789376027,FALSE,0
41864,3,35.990002,36.040001,36.169998,35.779999,36.02,2443700,-1.310001,0.170002,0.049999,-0.240001,0.170002,0.684915217,0.064606158,-1.434436592,0.684915217,-6.965387427,1.63751E-12,TRUE,-1
41857,3,36.16,36.240002,36.349998,35.830002,35.950001,5175700,0.040001,0.049999,0.129997,-0.389999,0.240001,0.15386731,0.443496059,-1.439123397,0.841760028,0.117670052,0.546835451,FALSE,0
41850,3,37.389999,37.59,37.68,36.849998,36.919998,5005500,-0.759998,0.080002,0.109996,-0.519996,0.119999,0.424512042,0.520607483,-1.497774842,0.552655316,-2.266698566,0.011704323,FALSE,0
41843,3,37.950001,38.049999,38.299999,37.990002,38.16,2257500,-0.770001,0.200001,0.09,-0.830002,0.07,0.663635098,0.433713092,-1.48925766,0.39190947,-1.363844706,0.086308223,FALSE,0
41836,3,36.880001,37.080002,37.389999,37.07,37.310001,4183900,0.64,0.099998,0.25,-0.309997,0.169998,0.190515901,0.792175252,-1.453977674,0.471286521,2.356468705,0.990775189,FALSE,0
41829,3,38.18,37.889999,37.91,37.619999,37.689999,5838100,-0.809998,0.200001,0.309997,-0.319999,0.240001,0.320514041,0.701647893,-1.481275142,0.459113209,-3.179111484,0.000738636,TRUE,-1
41822,3,38.860001,38.639999,38.91,38.389999,38.400002,2655400,-0.220002,-0.290001,0.020001,-0.290001,0.07,-0.861242514,0.732702002,-0.861242514,0.989783027,-0.501327023,0.308070495,FALSE,0
41815,3,39.09,39.119999,39.32,38.889999,39.290001,2059500,-0.43,-0.220002,0.270001,-0.520001,0.010003,-0.312407669,1.145472471,-1.204978906,0.371914104,-0.937203667,0.174326902,FALSE,0
41808,3,38.990002,39.16,39.200001,38.860001,39.009998,2240300,0.080002,0.029999,0.200001,-0.430001,0.400002,-0.056511628,0.42381284,-1.356197838,0.988896626,0.084767089,0.533776721,FALSE,0
41801,3,38.279999,38.220001,38.360001,38.150002,38.25,1171000,0.740002,0.169998,0.040001,-0.34,0.149997,0.696215789,0.147691471,-1.455728526,0.611821266,3.101356335,0.999036818,TRUE,1
41794,3,37.639999,37.849998,37.970001,37.5,37.509998,1711300,0.770001,-0.059998,0.14,-0.209999,0.099998,-0.327530412,0.920233606,-1.263369022,0.670665829,4.850735805,0.999999385,TRUE,1
41787,3,38.139999,37.990002,38.009998,37.59,37.68,1885000,-0.040001,0.209999,0.120003,-0.470001,0.009998,0.800546837,0.503448957,-1.444292474,0.14029668,-0.024761733,0.490122507,FALSE,0
41780,3,37.52,37.77,38.18,37.75,37.98,4562600,0.159999,-0.149997,0.019996,-0.419998,0.09,-0.154217562,0.594867181,-1.343993786,0.903344167,1.211799121,0.887205357,FALSE,0
41773,3,37.040001,37.220001,37.34,37.150002,37.18,2575000,0.34,0.25,0.41,-0.43,0.23,0.36275122,0.792678592,-1.464440111,0.309010299,0.604585367,0.727272734,FALSE,0
41766,3,36.189999,36.509998,36.700001,36.279999,36.599998,1938300,0.440003,0.18,0.119999,-0.189998,0.029998,0.894115794,0.524131316,-1.387404794,-0.030842317,2.497373642,0.993744148,FALSE,0
41759,3,36.720001,36.220001,36.32,36.119999,36.32,3611700,-0.130001,0.319999,0.190003,-0.420002,0.319999,0.614953906,0.247405292,-1.477313104,0.614953906,-0.657368908,0.255471869,FALSE,0
41752,3,37,37.040001,37.119999,36.84,36.91,2389600,-0.189999,-0.5,0.099999,-0.200001,0.200001,-1.26490943,0.632452739,-0.316229927,0.948686618,-0.284600847,0.387974981,FALSE,0
41745,3,37.389999,37.779999,37.810001,37.25,37.48,4669400,-0.48,0.040001,0.079998,-0.279999,0.07,0.362313578,0.594173167,-1.492702261,0.536215516,-2.652092957,0.003999726,FALSE,0
41738,3,36.900002,36.98,37.380001,36.900002,37.220001,4467200,0.169998,0.39,0.030002,-0.560001,0.23,0.88485577,0.018062507,-1.402530457,0.49961218,0.355141018,0.638758025,FALSE,0
41731,3,35.830002,35.810001,35.950001,35.630001,35.799999,3366200,1.100003,0.079998,0.400001,-0.479999,0.319999,-4.40447E-06,0.805391229,-1.409425998,0.604039174,2.567182693,0.994873571,FALSE,0
41724,3,35.77,36,36.209999,35.860001,36.09,1941100,-0.259998,-0.020001,0.14,-0.32,0.169998,-0.055703696,0.657293805,-1.392561198,0.790971088,-1.125179894,0.130256406,FALSE,0
41717,3,35.580002,35.610001,35.779999,35.450001,35.709999,2333400,0.060001,0.23,0.209999,-0.349998,0.229999,0.522975465,0.453241917,-1.49918936,0.522971979,-0.069726576,0.472205645,FALSE,0
41710,3,35.810001,35.27,35.549999,35.040001,35.349998,6572600,0.230004,0.029999,0.169998,-0.329998,0.259998,-0.009633651,0.529792987,-1.396729068,0.876569731,0.761000602,0.776671646,FALSE,0
41703,3,37.060001,36.950001,37.02,36.200001,36.240002,5500600,-0.430001,-0.540001,0.279999,-0.509998,0.309997,-0.897112315,0.833785721,-0.833780444,0.897107038,-0.664918676,0.253051255,FALSE,0
41696,3,36.59,36.740002,36.91,36.639999,36.75,2029100,0.310001,-0.11,0.069999,-0.819999,0.040001,0.227548672,0.658692262,-1.473080323,0.586839389,1.233558368,0.891316243,FALSE,0
41689,3,36.66,36.700001,37.049999,36.639999,36.900002,4682800,-0.310002,0.150002,0.169998,-0.270001,0.110001,0.528431133,0.624488559,-1.489192739,0.336273047,-1.681350825,0.046347396,FALSE,0
41682,3,35.639999,36.07,36.16,35.75,35.799999,4408000,0.860001,0.040001,0.349998,-0.41,0.260003,-0.058941149,0.854660662,-1.385153108,0.589433595,2.357706382,0.990805885,FALSE,0
41675,3,34.740002,34.830002,34.959999,34.560001,34.709999,3671700,0.93,0.430001,0.09,-0.41,0.049999,1.130238667,0.144902022,-1.304118194,0.028977506,2.579255984,0.995049331,FALSE,0
41668,3,34.689999,34.450001,34.880001,34.400002,34.73,4952900,0.010002,0.09,0.129997,-0.399998,0.149998,0.370935408,0.523101453,-1.493230846,0.599193986,0.0665881,0.52654519,FALSE,0
41661,3,33.990002,34.200001,34.59,34.169998,34.560001,4995700,0.129998,-0.239998,0.43,-0.479999,0.329998,-0.56788618,0.954054893,-1.113063,0.726894288,0.272582163,0.607412788,FALSE,0
41654,3,33.040001,33.259998,33.849998,33.259998,33.77,7292600,0.220002,0.209999,0.389999,-0.420002,0.390003,0.175559156,0.643722105,-1.46301377,0.643732509,0.201576011,0.5798759,FALSE,0
41647,3,33.580002,33.529999,33.549999,33.029999,33.16,5741500,-0.119999,0.219997,0.59,-0.59,0.510002,0.069571651,0.756067848,-1.433280651,0.607641152,-0.561250156,0.287313508,FALSE,0
41626,3,34.869999,35.049999,35.189999,34.900002,35.029999,4361000,-1.449997,-0.050003,0.02,-0.52,0.130001,0.192020522,0.43643186,-1.448946234,0.820493852,-4.695975811,1.32668E-06,TRUE,-1
41619,3,35.310001,35.150002,35.259998,34.880001,34.98,7297700,-0.110001,0.18,0.14,-0.289997,0.129997,0.633323219,0.452373728,-1.492819731,0.407122784,-0.678565116,0.248706726,FALSE,0
41612,3,34.509998,34.759998,35.02,34.57,34.880001,9551500,0.43,-0.159999,0.109996,-0.379997,0.099999,-0.330584879,0.821127431,-1.269025979,0.778483427,2.186162139,0.985598127,FALSE,0
41605,3,33.689999,33.18,33.23,32.950001,33.189999,7847400,1.319999,0.25,0.260002,-0.45,0.310001,0.43433894,0.461921662,-1.49606554,0.599804938,3.385097315,0.999644235,TRUE,1
41598,3,33.720001,33.779999,33.880001,33.48,33.630001,5168000,0.059998,-0.509999,0.05,-0.279999,0.239998,-1.150237742,0.522836695,-0.463080942,1.090481989,0.552707103,0.709768005,FALSE,0
41591,3,33.639999,33.849998,34.130001,33.759998,33.900002,3965600,-0.180001,0.059998,0.100002,-0.400001,0.150001,0.324352941,0.481634512,-1.484200339,0.678212886,-0.619238194,0.267879727,FALSE,0
41584,3,33.669998,33.860001,34.369999,33.860001,34.189999,9995400,-0.55,0.209999,0.280003,-0.370003,0.140004,0.490553512,0.72738884,-1.471690986,0.253748633,-2.080651167,0.018732923,FALSE,0
41577,3,35.41,35.07,35.130001,34.810001,34.849998,5929200,-1.18,0.190003,0.509998,-0.509998,0.329998,0.134439884,0.851408537,-1.43395579,0.448107368,-2.935136843,0.001667003,FALSE,0
41570,3,35.41,34.779999,35.130001,34.669998,34.950001,12477900,0.459999,-0.34,0.060001,-0.32,0.039997,-0.910345555,0.910354659,-0.819310772,0.819301669,2.731041217,0.996843271,FALSE,0
41563,3,36.470001,36.619999,37.18,36.580002,36.919998,4902600,-1.509998,-0.630001,0.350002,-0.460003,0.280003,-1.025562991,0.925995006,-0.687032439,0.786600424,-2.777971078,0.002734974,FALSE,0
41556,3,37.310001,36.880001,36.959999,36.450001,36.549999,10998900,-0.079998,0.149998,0.560001,-0.599998,0.339996,0.074450019,0.888469978,-1.414592045,0.451672049,-0.382184041,0.351162429,FALSE,0
41549,3,36.68,36.68,37.540001,36.580002,37.419998,11026400,-0.109997,-0.43,0.079998,-0.509998,0.099998,-0.738318489,0.830605417,-0.984419013,0.892132085,0.246117443,0.59720434,FALSE,0
41542,3,37.220001,37.290001,37.349998,36.82,36.880001,4913600,-0.200001,0,0.860001,-0.959999,0.839996,-0.214579925,0.782930611,-1.328077604,0.759726919,-0.44656001,0.327596387,FALSE,0
41535,3,37.740002,37.889999,38.799999,37.810001,38.68,7837200,-1.459999,0.07,0.059997,-0.529998,0.060001,0.522408296,0.488694424,-1.499810626,0.488707906,-4.634263775,1.79105E-06,TRUE,-1
41528,3,38.34,38.490002,38.59,38.220001,38.48,5546400,-0.739998,0.149997,0.91,-0.989998,0.869999,-0.09570205,0.759965078,-1.379192045,0.714929018,-1.097723707,0.136162577,FALSE,0
41521,3,38.759998,38.349998,38.549999,38.139999,38.34,4293200,0,0.150002,0.099998,-0.369999,0.259999,0.413456136,0.233681344,-1.456055737,0.808918256,-0.125832288,0.449932341,FALSE,0
41514,3,38.869999,39.220001,39.459999,39,39.080002,12930500,-0.320004,-0.41,0.200001,-0.41,0.200001,-0.866025404,0.866025404,-0.866025404,0.866025404,-0.610488701,0.270769063,FALSE,0
41507,3,37.52,37.490002,37.52,36.990002,37.169998,5484900,1.700001,0.350002,0.239998,-0.459999,0.080002,0.828232231,0.521985255,-1.426779926,0.07656244,4.586578403,0.999997747,TRUE,1
41500,3,37.900002,37.849998,38.139999,37.650002,38.09,5099900,-0.57,-0.029998,0.029998,-0.529998,0.179996,0.186736179,0.381569862,-1.436986088,0.868680047,-1.566890364,0.05857016,FALSE,0
41493,3,37.459999,37.27,37.5,37,37.009998,5931300,0.890004,-0.050004,0.290001,-0.489997,0.439998,-0.236186491,0.587420742,-1.301998514,0.950764263,2.040831163,0.979366194,FALSE,0
41486,3,36.669998,36.709999,37.419998,36.599998,37.360001,6265400,0.099998,-0.189999,0.23,-0.5,0.009998,-0.249920407,1.104505581,-1.249621384,0.39503621,0.685271042,0.753413549,FALSE,0
41479,3,38.09,37.860001,38.009998,37.25,37.400002,7193900,-0.730004,0.040001,0.709999,-0.82,0.760003,-0.179388324,0.727706355,-1.343723637,0.795405606,-1.22188015,0.110876477,FALSE,0
41472,3,37.48,37.580002,37.84,37.48,37.799999,3291000,0.290001,-0.229999,0.149997,-0.759998,0.150002,-0.133506706,0.748796865,-1.364098634,0.748808475,1.073868785,0.858559252,FALSE,0
41465,3,36.77,37.25,37.639999,37.07,37.43,11033400,0.05,0.100002,0.259998,-0.36,0.319999,0.065010149,0.585019842,-1.430061594,0.780031603,-0.097503442,0.4611633,FALSE,0
41458,3,35.209999,35.93,36.18,35.599998,35.84,12203200,0.93,0.48,0.389999,-0.569999,0.36,0.639405309,0.456716048,-1.491943692,0.395822334,1.552841466,0.939769493,FALSE,0
41451,3,33.740002,33.82,33.880001,33.18,33.799999,4648800,1.41,0.720001,0.25,-0.580002,0.240002,1.041144874,0.171209799,-1.365058957,0.152704284,2.318279033,0.989782919,FALSE,0
41444,3,34.959999,34.959999,35.060001,34.630001,34.779999,3543400,-1.039997,0.079998,0.060001,-0.700001,0.619999,0.119773942,0.082925241,-1.317539159,1.114839976,-1.944053686,0.025944489,FALSE,0
41437,3,33.790001,34.099998,34.240002,33.91,34.029999,5527100,0.93,0,0.100002,-0.43,0.149998,0.170368278,0.548972024,-1.45759527,0.738254967,3.691312696,0.99988845,TRUE,1
41430,3,33.200001,33.400002,33.549999,33.240002,33.259998,4373900,0.530003,0.309997,0.140004,-0.330002,0.119999,0.913673137,0.292394774,-1.425349829,0.219281918,1.717735466,0.957077561,FALSE,0
41423,3,33.790001,33.700001,33.82,32.98,33.099998,9191200,0.100003,0.200001,0.149997,-0.309997,0.019996,0.805886474,0.588063955,-1.415716781,0.021766352,0.370284996,0.644414924,FALSE,0
41416,3,34.110001,33.779999,34.099998,33.400002,33.459999,10596600,0.330002,-0.09,0.119999,-0.84,0.119998,0.180971261,0.641619,-1.464207067,0.641616806,1.102275512,0.864829044,FALSE,0
41409,3,33.560001,33.099998,33.639999,32.84,33.610001,9863700,0.5,-0.330002,0.319999,-0.699996,0.059997,-0.374773087,1.07955945,-1.202609218,0.497822855,1.482299309,0.930869664,FALSE,0
41402,3,34.009998,34.200001,34.470001,34.119999,34.400002,4918500,-0.840001,-0.460003,0.540001,-0.799999,0.770001,-0.621234468,0.693544386,-1.068252231,0.995942313,-1.120845805,0.131176752,FALSE,0
41395,3,33.16,32.369999,32.560001,32.119999,32.389999,9949000,1.619999,0.190003,0.27,-0.350002,0.280003,0.307272975,0.573006864,-1.48651465,0.606234811,5.057431084,0.999999788,TRUE,1
41388,3,31.860001,32.02,32.669998,31.99,32.66,6590200,0.5,-0.790001,0.190002,-0.440002,0.27,-1.172939767,0.750881233,-0.485864905,0.907923439,1.359431067,0.912994984,FALSE,0
41381,3,31.76,31.41,31.459999,30.790001,31.01,10026000,0.850001,0.159999,0.649998,-0.679998,0.67,-0.063262695,0.711689205,-1.391749633,0.743323123,1.028001494,0.848025437,FALSE,0
41374,3,33.639999,33.540001,33.919998,33.459999,33.830002,3904900,-2.070002,-0.35,0.049999,-0.669998,0.219999,-0.405544384,0.592716219,-1.204149871,1.016978036,-4.698080697,1.31309E-06,TRUE,-1
41367,3,34.650002,34.630001,34.669998,33.700001,33.759998,8728900,-0.119999,-0.099998,0.379997,-0.459999,0.370003,-0.363530771,0.819482323,-1.250802299,0.794850748,-0.412825962,0.339867064,FALSE,0
41360,3,34.450001,34.27,34.650002,34.209999,34.549999,4640500,0.100003,-0.020001,0.039997,-0.969997,0.059997,0.405414589,0.525533426,-1.496522388,0.565574373,0.645668279,0.740752896,FALSE,0
41353,3,33.07,33.43,33.5,33.099998,33.450001,4502100,1,-0.180001,0.380002,-0.440003,0.34,-0.510640473,0.884283914,-1.15828545,0.784642009,2.428651229,0.992422448,FALSE,0
41346,3,33.259998,33.5,33.560001,33.029999,33.189999,3377400,-0.119999,0.36,0.07,-0.400002,0.350003,0.743701409,-0.070161278,-1.389185728,0.715645598,-0.603378853,0.273128344,FALSE,0
41339,3,32.689999,32.59,32.59,32.23,32.540001,4855900,0.719997,0.240002,0.060001,-0.530002,0.16,0.736744188,0.221739181,-1.466331993,0.507848623,2.110068939,0.982573791,FALSE,0
41332,3,33.330002,33.25,33.599998,33.209999,33.400002,5019700,-0.710003,-0.099999,0,-0.36,0.310001,-0.225684596,0.135410035,-1.164543636,1.254818196,-2.428398316,0.007582839,FALSE,0
41325,3,34.959999,34.98,35.040001,33.919998,34.169998,11400700,-0.839996,-0.080002,0.349998,-0.389999,0.190003,-0.300481002,1.024690081,-1.255827654,0.531618575,-2.642625356,0.0041133,FALSE,0
41318,3,35.279999,35.419998,35.490002,34.990002,35.189999,5132600,-0.23,0.020001,0.060001,-1.120003,0.25,0.349045074,0.413236903,-1.48042846,0.718146484,-0.05215546,0.479202411,FALSE,0
41311,3,35.029999,34.549999,35.099998,34.509998,35.040001,4254000,0.239998,0.139999,0.070004,-0.5,0.199997,0.503505618,0.286625048,-1.479540999,0.689410332,0.813354038,0.791992448,FALSE,0
41304,3,35.290001,35.419998,35.529999,35.240002,35.490002,5432400,-0.460003,-0.48,0.549999,-0.59,0.530003,-0.775315211,0.879758498,-0.952070828,0.847627541,-0.743182647,0.228685554,FALSE,0
41297,3,35.009998,34.919998,35.009998,34.380001,34.610001,6150300,0.68,0.129997,0.110001,-0.289997,0.25,0.340491247,0.255382002,-1.447134884,0.851261635,2.681476439,0.996335096,FALSE,0
41290,3,33.990002,34.040001,34.330002,33.959999,34.279999,4235400,0.729999,-0.09,0.09,-0.629997,0.23,0.026535353,0.504207539,-1.406473244,0.875730351,2.202594881,0.986188342,FALSE,0
41283,3,33.959999,33.950001,34.07,33.740002,33.880001,2752600,0.110001,0.049999,0.290001,-0.370003,0.32,-0.070580516,0.682276234,-1.388075124,0.776379406,0.117638376,0.546822902,FALSE,0
41276,3,33.369999,34,34.09,33.700001,33.82,5544800,0.139999,-0.009998,0.119999,-0.329998,0.139999,0.046068474,0.644854997,-1.427901597,0.736978126,0.736978126,0.769432174,FALSE,0
41269,3,32.240002,33.049999,33.23,32.919998,33.150002,5560400,0.219997,0.630001,0.09,-0.389999,0.119999,1.241952105,-0.053998439,-1.205949946,0.01799628,0.257981877,0.601789553,FALSE,0
41262,3,32.18,32.259998,32.880001,32.209999,32.669998,5515200,-0.429996,0.809997,0.180001,-0.310002,0.230004,1.270635176,-0.10361238,-1.17248492,0.005462123,-1.434234933,0.075752616,FALSE,0
41255,3,31.469999,31.85,32.110001,31.540001,31.780001,6033600,0.399999,0.079998,0.620003,-0.670002,0.459999,-0.073937808,0.865482824,-1.378676605,0.587131589,0.482752485,0.685364254,FALSE,0
41248,3,32.400002,32.400002,32.459999,32.060001,32.220001,4802100,-0.750002,0.380001,0.260001,-0.57,0.24,0.693694173,0.418510163,-1.484848203,0.372643868,-1.897628805,0.028872499,FALSE,0
41241,3,31.98,31.370001,31.799999,31.290001,31.790001,6680400,0.610001,0,0.059997,-0.399998,0.16,0.183155003,0.427348107,-1.444872285,0.834369175,2.665913102,0.996161023,FALSE,0
41234,3,31.950001,32,32.169998,31.68,32.119999,9170100,-0.139999,-0.609999,0.429998,-0.509998,0.5,-0.947164367,0.80403459,-0.778777682,0.921907459,-0.155754863,0.438113125,FALSE,0
41227,3,31.41,31.52,31.92,31.389999,31.77,11898600,0.180001,0.049999,0.169998,-0.489998,0.439999,0.019196458,0.326357707,-1.363033001,1.017478836,0.35196237,0.637566758,FALSE,0
41220,3,32.560001,31.98,32.130001,31,31.209999,14121100,0.200001,0.11,0.4,-0.530001,0.380001,0.046085648,0.714327546,-1.428657396,0.668244202,0.253473369,0.600048781,FALSE,0
41213,3,31.790001,31.809999,32.169998,31.700001,31.780001,5258000,0.78,-0.580001,0.150001,-1.130001,0.209999,-0.379606316,0.763126873,-1.240567318,0.857046761,1.749317001,0.959881881,FALSE,0
41206,3,31.969999,31.879999,31.959999,31.35,31.629999,13591100,0.160002,0.019998,0.359999,-0.469997,0.08,0.065193669,1.050432926,-1.354691301,0.239064705,0.47089082,0.681140648,FALSE,0
41199,3,34.130001,34.279999,34.419998,33.939999,34.099998,5150000,-2.129999,-0.09,0.08,-0.609999,0.279999,-0.0131141,0.432765284,-1.376977825,0.957326641,-5.363664076,4.07753E-08,TRUE,-1
41192,3,34.18,34.25,34.700001,33.73,33.84,8406700,0.290001,0.149998,0.139999,-0.479999,0.159999,0.499829999,0.468097683,-1.499496345,0.531568663,0.944136379,0.827450019,FALSE,0
41185,3,34.02,33.57,33.59,32.52,32.610001,16350900,1.569999,0.07,0.450001,-0.970001,0.11,0.252385559,0.871138879,-1.441041754,0.317517316,2.694824821,0.996478718,FALSE,0
41178,3,33.75,33.5,33.509998,32.98,33.34,11275400,0.68,-0.45,0.02,-1.07,0.090001,-0.182222144,0.696179785,-1.340965114,0.827007473,1.929680366,0.973176773,FALSE,0
41171,3,35.57,34.950001,34.959999,33.959999,34.119999,21758500,-0.369999,-0.25,0.009998,-0.529998,0.36,-0.389114413,0.296776903,-1.127767005,1.220104515,-0.705679432,0.240193757,FALSE,0
41164,3,36.110001,36.169998,36.279999,35.970001,36.040001,5777700,-0.470001,-0.619999,0.009998,-1,0.16,-0.474234848,0.686029159,-1.174081804,0.962287493,-0.197983881,0.421528838,FALSE,0
41157,3,35.509998,35.470001,35.59,35.09,35.57,6826200,0.540001,0.059997,0.110001,-0.309998,0.07,0.395006396,0.649879485,-1.490878109,0.445992227,2.841612717,0.997755701,FALSE,0
41150,3,35.790001,35.740002,35.740002,35.27,35.380001,7633500,0.129997,-0.039997,0.119999,-0.5,0.48,-0.13532623,0.258358128,-1.267204438,1.14417254,0.282959095,0.611395903,FALSE,0
41143,3,35.98,35.970001,36.299999,35.91,36.220001,7176900,-0.43,-0.049999,0,-0.470002,0.110001,0.206734773,0.403617344,-1.447123719,0.836771602,-1.289606636,0.098593635,FALSE,0
41136,3,34.919998,34.689999,35.450001,34.68,35.189999,7811300,0.790001,-0.009999,0.329998,-0.389999,0.310001,-0.20707832,0.798732566,-1.331229818,0.739575573,2.159556412,0.984596487,FALSE,0
41129,3,34.91,35.029999,35.369999,34.700001,34.869999,6055600,0.049999,-0.229999,0.760002,-0.770001,0.509999,-0.425683183,0.990880982,-1.198356627,0.633158828,-0.025042039,0.490010716,FALSE,0
41122,3,32.68,33.029999,33.41,32.84,33.169998,8895700,1.740002,0.119999,0.34,-0.669998,0.169998,0.288911863,0.777844674,-1.466786765,0.400030229,3.889225592,0.999949718,TRUE,1
41115,3,33.150002,33.099998,33.380001,32.450001,33.209999,8850200,-0.529999,0.349999,0.380001,-0.57,0.329998,0.492291623,0.557213671,-1.498516274,0.44901098,-1.411957151,0.078981289,FALSE,0
41108,3,33.380001,33.48,33.75,33.380001,33.689999,6966100,-0.539997,-0.050004,0.280003,-0.93,0.759998,-0.091246701,0.371992446,-1.326519274,1.04577353,-0.77906223,0.217971529,FALSE,0
41101,3,31.52,31.950001,32.450001,31.780001,32.330002,12335300,1.049999,0.099999,0.27,-0.369999,0.309998,0.072133406,0.617156676,-1.434680362,0.74539028,3.117833768,0.999089072,TRUE,1
41087,3,29.809999,30.120001,30.370001,29.950001,30.200001,9332000,1.319999,0.430001,0.5,-0.67,0.550001,0.389725541,0.509639115,-1.494659261,0.595294605,1.914359342,0.972212872,FALSE,0
41080,3,31.68,31.549999,31.58,30.360001,30.49,21889300,-0.680001,0.310002,0.25,-0.42,0.25,0.613886054,0.440548967,-1.494983989,0.440548967,-2.246089219,0.012349147,FALSE,0
41073,3,31.42,31.040001,31.65,30.959999,31.1,7133200,0.58,-0.130001,0.030001,-1.219999,0.129999,0.268319417,0.524629265,-1.477766396,0.684817714,1.405681755,0.920090676,FALSE,0
41066,3,31.76,32.09,32.509998,31.950001,32.150002,10490600,-0.730002,-0.379999,0.609999,-0.690001,0.140001,-0.523130389,1.203202162,-1.063703747,0.383631975,-1.133456442,0.128511312,FALSE,0
41059,3,34.23,33.52,33.540001,32.93,33.02,7279100,-1.26,0.33,0.419998,-0.559997,0.200001,0.519508193,0.720604102,-1.469144398,0.229032103,-3.033265153,0.001209615,FALSE,0
41052,3,34.48,34.419998,34.459999,33.66,34.09,9300000,0.14,-0.71,0.020001,-0.610001,0.09,-0.980031546,0.775610193,-0.739535412,0.943956765,1.064206034,0.856382313,FALSE,0
41045,3,35.279999,35.189999,35.639999,34.939999,35.049999,10645100,-0.569999,-0.060002,0.040001,-0.799999,0.43,0.072976987,0.267598504,-1.367173197,1.026597705,-0.919557136,0.178902117,FALSE,0
41038,3,36.869999,36.240002,36.66,36.029999,36.52,11412000,-1.240001,-0.09,0.45,-0.7,0.11,-0.067306637,1.05101902,-1.330600434,0.346888051,-2.448928162,0.007164101,FALSE,0
41031,3,40.150002,40.009998,40.060001,39.709999,39.889999,5708100,-3.02,-0.629997,0.419998,-0.630001,0.490001,-0.865122368,0.809308536,-0.865128747,0.920942579,-4.676468978,1.45928E-06,TRUE,-1
41024,3,39.169998,39.330002,39.59,39.040001,39.41,8560500,0.740002,-0.140004,0.050003,-0.350002,0.18,-0.324669691,0.497821521,-1.233696778,1.060544948,3.484648922,0.999753608,TRUE,1
41017,3,39.639999,39.470001,39.57,38.860001,39.049999,5135400,0.119999,0.160004,0.259998,-0.549999,0.369999,0.240617879,0.4812129,-1.467716488,0.745885709,0.144362065,0.557392715,FALSE,0
41010,3,38.509998,38.68,39.23,38.57,39.009998,8232700,0.630001,-0.169998,0.099999,-0.709999,0.189998,-0.05555079,0.611110542,-1.388890738,0.833330986,1.919761525,0.972555986,FALSE,0
41003,3,39.66,39.119999,39.23,38.470001,38.84,8693400,-0.330002,0.170002,0.55,-0.66,0.439998,0.082248949,0.776761104,-1.434723451,0.575713398,-0.831594955,0.202818805,FALSE,0
40996,3,40.709999,40.130001,40.200001,39.849998,40.189999,9820600,-0.529999,-0.540001,0.110001,-0.759999,0.369999,-0.629320629,0.59174936,-1.042600827,1.080172096,-0.610531237,0.270754979,FALSE,0
40989,3,40.43,40.529999,40.970001,40.43,40.66,8419200,0.049999,-0.579998,0.07,-0.350003,0.340001,-1.089484046,0.484217284,-0.532646275,1.137913038,0.435793134,0.668506587,FALSE,0
40982,3,40.830002,40.669998,40.939999,40.220001,40.41,8743000,0.02,0.099999,0.440002,-0.540001,0.23,0.100649615,0.905872584,-1.415050836,0.408528637,-0.088810573,0.464616227,FALSE,0
40975,3,40.130001,40.029999,40.740002,39.91,40.610001,8874300,0.220001,-0.160004,0.270001,-0.719998,0.189999,-0.122089588,0.832379371,-1.365091159,0.654801376,0.721395899,0.764667015,FALSE,0
40968,3,40.790001,40.849998,41.07,40.099998,40.919998,19797400,-0.789997,-0.100002,0.710003,-0.830002,0.700001,-0.297971011,0.799100873,-1.286684013,0.78555415,-1.232501186,0.108880962,FALSE,0
40961,3,40.580002,40.5,40.830002,40.43,40.59,8848200,0.200001,0.059997,0.220002,-0.970002,0.82,0.036954094,0.251984047,-1.347256627,1.058318485,0.225104799,0.589051126,FALSE,0
40954,3,38.84,39.060001,39.18,38.869999,39.18,8856600,1.400002,-0.080002,0.330002,-0.400002,0.16,-0.260511605,1.034141221,-1.27096249,0.497332874,4.412836367,0.999994899,TRUE,1
40947,3,37.950001,38.360001,38.439999,37.689999,38.040001,9045800,0.799999,0.220001,0.119999,-0.310001,0.310001,0.491751789,0.127486618,-1.438822294,0.819583887,2.604440245,0.995398777,FALSE,0
40940,3,37.82,38.130001,38.23,37.349998,37.380001,10363300,0.57,0.41,0.079998,-0.75,0.350002,0.724805245,0.107548005,-1.444934327,0.612581077,1.024079668,0.847101177,FALSE,0
40933,3,38.099998,37.82,38.580002,37.490002,38.349998,14198600,-0.529998,0.310001,0.099999,-0.880002,0.030003,0.797052744,0.398523288,-1.461265024,0.265688992,-0.797048,0.212711578,FALSE,0
40926,3,38.790001,38.880001,39.029999,38.439999,38.830002,12455200,-0.730004,-0.279998,0.760002,-1.09,0.859996,-0.370181947,0.753880747,-1.245656014,0.861957214,-0.856561713,0.195843576,FALSE,0
40919,3,39.34,39.09,39.310001,38.740002,38.919998,8861100,-0.129997,0.09,0.149998,-0.59,0.390003,0.190259695,0.332950155,-1.426952763,0.903742914,-0.332948966,0.369586403,FALSE,0
40912,3,39.689999,39.5,39.959999,39.380001,39.77,13812800,-0.43,-0.25,0.220001,-0.569999,0.179996,-0.385650862,0.864396834,-1.236742695,0.757996724,-0.864391514,0.193686426,FALSE,0
40905,3,39.060001,38.880001,38.889999,38.189999,38.34,5654300,1.349999,-0.189999,0.459999,-0.579998,0.389999,-0.424379329,0.889176386,-1.212513162,0.747716104,2.687742822,0.996403161,FALSE,0
40898,3,37.560001,37.669998,38.240002,37.52,38.110001,10728000,0.95,-0.18,0.009998,-0.7,0.150001,6.71842E-07,0.51059556,-1.397431628,0.886835396,3.036728554,0.998804196,FALSE,0
40891,3,0,37.400002,37.580002,36.380001,36.66,23214500,0.900001,0.109997,0.570004,-0.720002,0.590001,-0.044854775,0.705372848,-1.398504124,0.737986051,1.243566537,0.893170431,FALSE,0