Date,Weekday,Prev Close,Open,High,Low,Close,Volume,Mtm,f1,y,,,,,
12/14/16,3,11.73,11.59,11.73,11.3,11.32,40564000,1,,,7.940006,,,,
12/7/16,3,11.29,11.16,11.26,11.07,11.09,42151800,1,0.23,1,7.940006,0.23,-25.34,,-0.391074933
11/30/16,3,10.06,10.06,11.1,10.06,10.93,109750300,-1,-0.16,1,7.710006,0.16,-25.57,,
11/23/16,3,10.63,10.6,10.77,10.56,10.67,25907100,-1,-0.26,1,7.870006,0.26,-25.73,,
11/16/16,3,10.34,10.28,10.46,10.15,10.23,41035900,1,0.44,-1,8.130006,0.44,-25.99,,
11/9/16,3,10.1,10.14,10.37,10.04,10.28,39671000,-1,0.05,-1,7.690006,-0.05,-26.43,,
11/2/16,3,10.57,10.35,10.46,10.15,10.28,49285000,1,0,-1,7.640006,0,-26.38,,
10/26/16,3,11.24,11.07,11.31,11.03,11.09,57440200,1,-0.81,-1,7.640006,-0.81,-26.38,,
10/19/16,3,11.45,11.57,11.79,11.55,11.66,46880900,1,-0.57,1,8.450006,-0.57,-25.57,,
10/12/16,3,11.58,11.46,11.49,11.36,11.43,45737900,-1,-0.23,1,9.020006,0.23,-25,,
10/5/16,3,11.09,11.33,11.4,11.23,11.35,45925300,-1,-0.08,1,9.250006,0.08,-25.23,,
9/28/16,3,10.15,10.3,10.82,10.12,10.65,93160700,-1,-0.7,1,9.330006,0.7,-25.31,,
9/21/16,3,10.07,10.25,10.41,10.21,10.4,43920000,-1,-0.25,1,10.030006,0.25,-26.01,,
9/14/16,3,10.37,10.27,10.43,10.04,10.09,53454200,1,0.31,-1,10.280006,0.31,-26.26,,
9/7/16,3,10.39,10.4,10.54,10.31,10.52,31322200,-1,0.43,1,9.970006,-0.43,-26.57,,
8/31/16,3,10.73,10.62,10.66,10.29,10.36,30406800,1,0.16,-1,9.540006,0.16,-26.14,,
8/24/16,3,11.09,10.94,11.03,10.74,10.82,29656300,1,-0.46,-1,9.380006,-0.46,-26.3,,
8/17/16,3,10.92,10.88,11.02,10.76,10.99,33277200,-1,0.17,1,9.840006,-0.17,-25.84,,
8/10/16,3,10.07,10.1,10.21,9.75,9.77,30805100,1,1.22,1,9.670006,1.22,-25.67,,
8/3/16,3,9.33,9.35,9.69,9.23,9.69,36429700,-1,-0.08,-1,8.450006,0.08,-26.89,,
7/27/16,3,10.08,10.1,10.17,9.81,9.9,28954700,1,-0.21,-1,8.530006,-0.21,-26.97,,
7/20/16,3,10.7,10.55,10.85,10.51,10.73,26551900,-1,0.83,-1,8.740006,-0.83,-26.76,,
7/13/16,3,11.19,11.07,11.15,10.65,10.75,34345300,1,-0.02,-1,7.910006,-0.02,-25.93,,
7/6/16,3,11.18,11.09,11.41,11.01,11.33,17436200,-1,0.58,-1,7.930006,-0.58,-25.91,,
6/29/16,3,11.47,11.55,11.96,11.5,11.79,24821700,-1,0.46,1,7.350006,-0.46,-25.33,,
6/22/16,3,11.89,11.99,12.04,11.58,11.74,26056700,1,0.05,1,6.890006,0.05,-24.87,,
6/15/16,3,11.73,11.57,11.78,11.43,11.47,23350400,1,0.27,-1,6.840006,0.27,-24.92,,
6/8/16,3,12.22,12.34,12.45,12.28,12.43,26500300,-1,0.96,1,6.570006,-0.96,-25.19,,
6/1/16,3,11.87,11.62,11.93,11.56,11.93,25553100,-1,-0.5,-1,5.610006,0.5,-24.23,,
5/25/16,3,11.82,11.92,12.05,11.79,12.03,24984100,-1,0.1,1,6.110006,-0.1,-24.73,,
5/18/16,3,11.92,11.85,12,11.7,11.7,29425500,1,0.33,1,6.010006,0.33,-24.63,,
5/11/16,3,10.99,10.91,11.42,10.85,11.34,29338200,-1,-0.36,1,5.680006,0.36,-24.96,,
5/4/16,3,10.74,10.93,11.04,10.63,10.79,24287300,1,0.55,-1,6.040006,0.55,-25.32,,
4/27/16,3,10.81,11.03,11.22,10.76,11.14,37920900,-1,0.35,1,5.490006,-0.35,-25.87,,
4/20/16,3,10.44,10.24,10.88,10.2,10.76,42501200,-1,-0.38,1,5.140006,0.38,-25.52,,
4/13/16,3,10.64,10.59,10.74,10.48,10.51,42934000,1,0.25,1,5.520006,0.25,-25.9,,
4/6/16,3,9.13,9.38,9.63,9.32,9.6,45696600,-1,-0.91,-1,5.270006,0.91,-26.15,,
3/30/16,3,9.8,9.99,10.13,9.7,9.73,36954600,1,-0.13,-1,6.180006,-0.13,-27.06,,
3/23/16,3,10.54,10.33,10.37,10.08,10.11,40194200,1,-0.38,-1,6.310006,-0.38,-26.93,,
3/16/16,3,9.7,9.91,10.2,9.91,10.18,38311700,-1,0.07,1,6.690006,-0.07,-26.55,,
3/9/16,3,9.65,9.87,10.21,9.85,10.15,43985300,-1,-0.03,1,6.620006,0.03,-26.48,,
3/2/16,3,9.15,9.01,9.36,8.94,9.3,49507900,-1,-0.85,1,6.650006,0.85,-26.51,,
2/24/16,3,8.48,8.19,8.63,8.14,8.59,48189900,-1,-0.71,-1,7.500006,0.71,-27.36,,
2/17/16,3,8.31,8.43,8.9,8.39,8.78,60273400,-1,0.19,1,8.210006,-0.19,-28.07,,
2/10/16,3,8.18,7.97,8.4,7.89,7.96,64182800,1,0.82,-1,8.020006,0.82,-27.88,,
2/3/16,3,8.57,8.84,9.35,8.54,9.34,72246300,-1,1.38,1,7.200006,-1.38,-28.7,,
1/27/16,3,8.97,8.92,9.43,8.79,9.18,71429700,-1,-0.16,1,5.820006,0.16,-27.32,,
1/20/16,3,8.49,8.34,8.37,7.92,8.24,83215600,-1,-0.94,-1,5.980006,0.94,-27.48,,
1/13/16,3,9.17,9.3,9.39,8.93,9.09,100555700,1,-0.85,-1,6.920006,-0.85,-28.42,,
1/6/16,3,10.66,10.3,10.47,10.06,10.11,73087100,1,-1.02,-1,7.770006,-1.02,-27.57,,
12/30/15,3,11.26,10.96,11,10.84,10.93,24796400,-1,0.82,-1,8.790006,-0.82,-26.55,,
12/23/15,3,10.77,11.06,11.29,11,11.26,39354100,-1,0.33,1,7.970006,-0.33,-25.73,,
12/16/15,3,11.4,11.23,11.34,10.88,10.99,36387300,1,0.27,-1,7.640006,0.27,-25.4,,
12/9/15,3,11.68,11.77,12.06,11.43,11.56,38871100,1,-0.57,-1,7.370006,-0.57,-25.67,,
12/2/15,3,12.95,12.77,13.03,12.38,12.48,52543800,1,-0.92,-1,7.940006,-0.92,-25.1,,
11/25/15,3,13.32,13.11,13.42,12.96,13.39,27117000,-1,0.91,1,8.860006,-0.91,-24.18,,
11/18/15,3,13.01,13.14,13.2,12.83,13.05,24754800,-1,-0.34,-1,7.950006,0.34,-23.27,,
11/11/15,3,14.09,14.06,14.09,13.64,13.76,24154300,1,-0.71,-1,8.290006,-0.71,-23.61,,
11/4/15,3,15.28,15.2,15.28,14.75,14.85,25783000,1,-1.09,1,9.000006,-1.09,-22.9,,
10/28/15,3,13.82,13.97,14.7,13.91,14.69,48935900,-1,-0.16,1,10.090006,0.16,-21.81,,
10/21/15,3,14.73,14.5,14.67,14.34,14.43,26555000,1,0.26,-1,10.250006,0.26,-21.97,,
10/14/15,3,15.06,14.98,15.16,14.85,15.05,18763700,-1,0.62,-1,9.990006,-0.62,-22.23,,
10/7/15,3,15.74,15.93,16.049999,15.42,15.57,40832800,1,-0.52,1,9.370006,-0.52,-21.61,,
9/30/15,3,14.61,14.55,14.82,14.46,14.68,24486700,-1,-0.89,1,9.890006,0.89,-21.09,,
9/23/15,3,14.92,15.08,15.24,14.35,14.44,36964200,1,0.24,-1,10.780006,0.24,-21.98,,
9/16/15,3,14.57,14.91,15.43,14.81,15.36,44264700,-1,0.92,1,10.540006,-0.92,-22.22,,
9/9/15,3,15.02,14.99,15.06,14.45,14.52,21851300,1,0.84,-1,9.620006,0.84,-21.3,,
9/2/15,3,14.81,15.11,15.32,14.16,15.09,59080600,-1,0.57,1,8.780006,-0.57,-22.14,,
8/26/15,3,12.73,12.85,13,12.62,12.77,32439600,1,2.32,-1,8.210006,2.32,-21.57,,
8/19/15,3,14.05,13.98,14.03,13.41,13.43,35899200,1,-0.66,-1,5.890006,-0.66,-23.89,,
8/12/15,3,14.48,14.52,14.58,14.28,14.44,18405400,-1,1.01,-1,6.550006,-1.01,-23.23,,
8/5/15,3,15.22,15.31,15.52,14.9,15.03,26607600,1,-0.59,-1,5.540006,-0.59,-22.22,,
7/29/15,3,15.85,15.82,16.450001,15.8,16.24,34719700,-1,1.21,-1,6.130006,-1.21,-21.63,,
7/22/15,3,16.91,16.66,16.809999,16.299999,16.34,27095700,1,-0.1,-1,4.920006,-0.1,-20.42,,
7/15/15,3,17.719999,17.5,17.700001,17.15,17.23,28590500,1,-0.89,-1,5.020006,-0.89,-20.32,,
7/8/15,3,17.76,17.620001,17.700001,17.07,17.379999,23668700,1,-0.149999,-1,5.910006,-0.149999,-19.43,,
7/1/15,3,19.879999,19.540001,19.58,19,19.1,25025900,1,-1.720001,-1,6.060005,-1.720001,-19.280001,,
6/24/15,3,20.469999,20.370001,20.620001,20.040001,20.200001,21365500,1,-1.100001,-1,7.780006,-1.100001,-17.56,,
6/17/15,3,20.26,20.620001,20.66,19.9,20.209999,19734800,1,-0.009998,-1,8.880007,-0.009998,-16.459999,,
6/10/15,3,20.209999,20.790001,20.799999,20.43,20.639999,22667900,-1,0.43,1,8.890005,-0.43,-16.450001,,
6/3/15,3,20.68,20.49,20.74,20.049999,20.17,16725400,1,0.469999,1,8.460005,0.469999,-16.020001,,
5/27/15,3,19.690001,19.459999,19.709999,19.389999,19.48,19496800,1,0.69,-1,7.990006,0.69,-16.49,,
5/20/15,3,19.629999,19.84,19.969999,19.66,19.84,22755900,-1,0.36,-1,7.300006,-0.36,-17.18,,
5/13/15,3,20.74,21.07,21.200001,20.610001,20.610001,23773400,1,-0.770001,-1,6.940006,-0.770001,-16.82,,
5/6/15,3,20.76,21.24,21.5,20.82,20.82,35374900,1,-0.209999,1,7.710007,-0.209999,-16.049999,,
4/29/15,3,19.6,19.639999,20.4,19.629999,20.120001,31333300,-1,-0.699999,1,7.920006,0.699999,-15.84,,
4/22/15,3,19.450001,19.459999,19.66,19.26,19.360001,17294700,1,0.76,-1,8.620005,0.76,-16.539999,,
4/15/15,3,18.82,19.030001,19.91,18.93,19.709999,52135400,-1,0.349998,1,7.860005,-0.349998,-17.299999,,
4/8/15,3,19.059999,18.709999,18.75,17.879999,18.07,38892700,1,1.639999,1,7.510007,1.639999,-16.950001,,
4/1/15,3,16.84,17,17.879999,16.93,17.58,34953900,-1,-0.49,1,5.870008,0.49,-18.59,,
3/25/15,3,16.790001,17.049999,17.530001,16.790001,17.360001,31953900,-1,-0.219999,1,6.360008,0.219999,-19.08,,
3/18/15,3,15.96,15.68,16.780001,15.61,16.76,54427700,-1,-0.600001,-1,6.580007,0.600001,-19.299999,,
3/11/15,3,17.91,17.84,17.85,17.440001,17.77,29810100,-1,1.01,-1,7.180008,-1.01,-19.9,,
3/4/15,3,18.49,18.709999,19.1,18.24,19.01,32762300,-1,1.24,1,6.170008,-1.24,-18.89,,
2/25/15,3,18.040001,18.15,18.799999,17.82,18.65,38292100,-1,-0.36,-1,4.930008,0.36,-17.65,,
2/18/15,3,19.790001,19.549999,19.83,19.17,19.26,25160600,1,-0.61,1,5.290008,-0.61,-18.01,,
2/11/15,3,18.940001,18.49,18.709999,18.01,18.51,36156300,-1,-0.75,1,5.900008,0.75,-17.4,,
2/4/15,3,19.620001,19.08,19.1,17.950001,18.280001,66548700,1,0.229999,1,6.650008,0.229999,-18.15,,
1/28/15,3,17.209999,16.959999,17.09,16.5,16.559999,40085000,1,1.720002,-1,6.420009,1.720002,-18.379999,,
1/21/15,3,17.48,17.719999,18.030001,17.6,17.77,23663900,1,-1.210001,-1,4.700007,-1.210001,-20.100001,,
1/14/15,3,17.620001,17.450001,18.48,17.27,18.27,42369300,-1,0.5,-1,5.910008,-0.5,-18.89,,
1/7/15,3,18.049999,18.299999,18.65,18.049999,18.370001,31332600,-1,0.100001,-1,5.410008,-0.100001,-18.39,,
12/31/14,3,20.290001,20.01,20.42,19.84,20.360001,24301300,-1,1.99,-1,5.310007,-1.99,-18.289999,,
12/24/14,3,21.559999,21.190001,21.200001,20.84,21.049999,9762600,-1,0.689998,-1,3.320007,-0.689998,-16.299999,,
12/17/14,3,21.299999,20.959999,22.43,20.85,21.34,47424400,1,-0.290001,-1,2.630009,-0.290001,-15.610001,,
12/10/14,3,24.200001,23.67,23.68,22.950001,23.280001,26212500,1,-1.940001,-1,2.92001,-1.940001,-15.32,,
12/3/14,3,25.58,25.639999,25.889999,25.35,25.58,12303500,1,-2.299999,-1,4.860011,-2.299999,-13.379999,,
11/26/14,3,28.030001,27.969999,28.18,27.85,27.9,14993400,1,-2.32,-1,7.16001,-2.32,-11.08,,
11/19/14,3,28.200001,28.360001,28.620001,28.1,28.25,6732900,1,-0.35,-1,9.48001,-0.35,-8.76,,
11/12/14,3,29.42,29.24,29.57,29.08,29.139999,6031000,1,-0.889999,-1,9.83001,-0.889999,-8.41,,
11/5/14,3,29.299999,29.35,30.110001,29.34,29.950001,13851100,-1,0.810002,-1,10.720009,-0.810002,-7.520001,,
10/29/14,3,30.82,31.18,31.450001,31,31.23,7632900,-1,1.279999,1,9.910007,-1.279999,-6.709999,,
10/22/14,3,31.299999,31.469999,31.5,30.459999,30.549999,8602000,1,0.680001,-1,8.630008,0.680001,-5.43,,
10/15/14,3,30.85,30.690001,31.01,30.34,30.67,14628300,1,-0.120001,-1,7.950007,-0.120001,-6.110001,,
10/8/14,3,33.439999,33.07,33.09,32.689999,33,7458500,-1,2.33,-1,8.070008,-2.33,-5.99,,
10/1/14,3,34.41,34.599998,34.98,34.049999,34.150002,6886000,1,-1.150002,-1,5.740008,-1.150002,-3.66,,
9/24/14,3,34.439999,34.529999,35.110001,34.310001,35,6149100,-1,0.849998,-1,6.89001,-0.849998,-2.509998,,
9/17/14,3,35.25,35.240002,35.369999,34.91,35.009998,5156200,1,-0.009998,1,6.040012,-0.009998,-1.66,,
9/10/14,3,34.619999,34.419998,34.43,34.02,34.259998,5094100,-1,-0.75,-1,6.05001,0.75,-1.650002,,
9/3/14,3,34.790001,35.130001,35.759998,35.009998,35.549999,4412000,-1,1.290001,1,6.80001,-1.290001,-2.400002,,
8/27/14,3,35.040001,35.029999,35.169998,34.849998,35.029999,2540500,-1,-0.52,1,5.510009,0.52,-1.110001,,
8/20/14,3,34.709999,34.880001,34.93,34.689999,34.860001,3178800,-1,-0.169998,-1,6.030009,0.169998,-1.630001,,
8/13/14,3,35.990002,36.040001,36.169998,35.779999,36.02,2443700,-1,1.159999,1,6.200007,-1.159999,-1.799999,,
8/6/14,3,36.16,36.240002,36.349998,35.830002,35.950001,5175700,1,0.069999,-1,5.040008,0.069999,-0.64,,
7/30/14,3,37.389999,37.59,37.68,36.849998,36.919998,5005500,1,-0.969997,-1,4.970009,-0.969997,-0.709999,,
7/23/14,3,37.950001,38.049999,38.299999,37.990002,38.16,2257500,-1,1.240002,1,5.940006,-1.240002,0.259998,,
7/16/14,3,36.880001,37.080002,37.389999,37.07,37.310001,4183900,-1,-0.849999,-1,4.700004,0.849999,1.5,,
7/9/14,3,38.18,37.889999,37.91,37.619999,37.689999,5838100,1,-0.379998,-1,5.550003,-0.379998,0.650001,,
7/2/14,3,38.860001,38.639999,38.91,38.389999,38.400002,2655400,1,-0.710003,-1,5.930001,-0.710003,1.029999,,
6/25/14,3,39.09,39.119999,39.32,38.889999,39.290001,2059500,-1,0.889999,1,6.640004,-0.889999,1.740002,,
6/18/14,3,38.990002,39.16,39.200001,38.860001,39.009998,2240300,1,0.280003,1,5.750005,0.280003,2.630001,,
6/11/14,3,38.279999,38.220001,38.360001,38.150002,38.25,1171000,1,0.759998,1,5.470002,0.759998,2.349998,,
6/4/14,3,37.639999,37.849998,37.970001,37.5,37.509998,1711300,1,0.740002,-1,4.710004,0.740002,1.59,,
5/28/14,3,38.139999,37.990002,38.009998,37.59,37.68,1885000,1,-0.170002,-1,3.970002,-0.170002,0.849998,,
5/21/14,3,37.52,37.77,38.18,37.75,37.98,4562600,-1,0.3,1,4.140004,-0.3,1.02,,
5/14/14,3,37.040001,37.220001,37.34,37.150002,37.18,2575000,1,0.8,1,3.840004,0.8,1.32,,
5/7/14,3,36.189999,36.509998,36.700001,36.279999,36.599998,1938300,-1,-0.580002,1,3.040004,0.580002,0.52,,
4/30/14,3,36.720001,36.220001,36.32,36.119999,36.32,3611700,-1,-0.279998,-1,3.620006,0.279998,-0.060002,,
4/23/14,3,37,37.040001,37.119999,36.84,36.91,2389600,1,-0.59,-1,3.900004,-0.59,-0.34,,
4/16/14,3,37.389999,37.779999,37.810001,37.25,37.48,4669400,1,-0.57,1,4.490004,-0.57,0.25,,
4/9/14,3,36.900002,36.98,37.380001,36.900002,37.220001,4467200,-1,-0.259999,1,5.060004,0.259999,0.82,,
4/2/14,3,35.830002,35.810001,35.950001,35.630001,35.799999,3366200,-1,-1.420002,-1,5.320003,1.420002,0.560001,,
3/26/14,3,35.77,36,36.209999,35.860001,36.09,1941100,-1,0.290001,1,6.740005,-0.290001,-0.860001,,
3/19/14,3,35.580002,35.610001,35.779999,35.450001,35.709999,2333400,-1,-0.380001,1,6.450004,0.380001,-0.57,,
3/12/14,3,35.810001,35.27,35.549999,35.040001,35.349998,6572600,-1,-0.360001,-1,6.830005,0.360001,-0.950001,,
3/5/14,3,37.060001,36.950001,37.02,36.200001,36.240002,5500600,1,-0.890004,-1,7.190006,-0.890004,-1.310002,,
2/26/14,3,36.59,36.740002,36.91,36.639999,36.75,2029100,1,-0.509998,-1,8.08001,-0.509998,-0.419998,,
2/19/14,3,36.66,36.700001,37.049999,36.639999,36.900002,4682800,-1,0.150002,1,8.590008,-0.150002,0.09,,
2/12/14,3,35.639999,36.07,36.16,35.75,35.799999,4408000,1,1.100003,1,8.440006,1.100003,0.240002,,
2/5/14,3,34.740002,34.830002,34.959999,34.560001,34.709999,3671700,1,1.09,-1,7.340003,1.09,-0.860001,,
1/29/14,3,34.689999,34.450001,34.880001,34.400002,34.73,4952900,-1,0.020001,1,6.250003,-0.020001,-1.950001,,
1/22/14,3,33.990002,34.200001,34.59,34.169998,34.560001,4995700,-1,-0.169999,1,6.230002,0.169999,-1.93,,
1/15/14,3,33.040001,33.259998,33.849998,33.259998,33.77,7292600,-1,-0.790001,1,6.400001,0.790001,-2.099999,,
1/8/14,3,33.580002,33.529999,33.549999,33.029999,33.16,5741500,1,0.61,-1,7.190002,0.61,-2.89,,
12/18/13,3,34.869999,35.049999,35.189999,34.900002,35.029999,4361000,1,-1.869999,1,6.580002,-1.869999,-3.5,,
12/11/13,3,35.310001,35.150002,35.259998,34.880001,34.98,7297700,1,0.049999,1,8.450001,0.049999,-1.630001,,
12/4/13,3,34.509998,34.759998,35.02,34.57,34.880001,9551500,-1,-0.099999,1,8.400002,0.099999,-1.68,,
11/27/13,3,33.689999,33.18,33.23,32.950001,33.189999,7847400,-1,-1.690002,-1,8.500001,1.690002,-1.779999,,
11/20/13,3,33.720001,33.779999,33.880001,33.48,33.630001,5168000,1,-0.440002,-1,10.190003,-0.440002,-3.470001,,
11/13/13,3,33.639999,33.849998,34.130001,33.759998,33.900002,3965600,1,-0.270001,-1,10.630005,-0.270001,-3.029999,,
11/6/13,3,33.669998,33.860001,34.369999,33.860001,34.189999,9995400,-1,0.289997,-1,10.900006,-0.289997,-2.759998,,
10/30/13,3,35.41,35.07,35.130001,34.810001,34.849998,5929200,1,-0.659999,-1,10.610009,-0.659999,-2.470001,,
10/23/13,3,35.41,34.779999,35.130001,34.669998,34.950001,12477900,-1,0.100003,-1,11.270008,-0.100003,-1.810002,,
10/16/13,3,36.470001,36.619999,37.18,36.580002,36.919998,4902600,-1,1.969997,1,11.170005,-1.969997,-1.709999,,
10/9/13,3,37.310001,36.880001,36.959999,36.450001,36.549999,10998900,1,0.369999,-1,9.200008,0.369999,0.259998,,
10/2/13,3,36.68,36.68,37.540001,36.580002,37.419998,11026400,-1,0.869999,1,8.830009,-0.869999,-0.110001,,
9/25/13,3,37.220001,37.290001,37.349998,36.82,36.880001,4913600,1,0.539997,-1,7.96001,0.539997,0.759998,,
9/18/13,3,37.740002,37.889999,38.799999,37.810001,38.68,7837200,-1,1.799999,1,7.420013,-1.799999,0.220001,,
9/11/13,3,38.34,38.490002,38.59,38.220001,38.48,5546400,-1,-0.2,1,5.620014,0.2,2.02,,
9/4/13,3,38.759998,38.349998,38.549999,38.139999,38.34,4293200,1,0.14,-1,5.820014,0.14,1.82,,
8/28/13,3,38.869999,39.220001,39.459999,39,39.080002,12930500,1,-0.740002,1,5.680014,-0.740002,1.68,,
8/21/13,3,37.52,37.490002,37.52,36.990002,37.169998,5484900,1,1.910004,-1,6.420016,1.910004,2.420002,,
8/14/13,3,37.900002,37.849998,38.139999,37.650002,38.09,5099900,-1,0.920002,1,4.510012,-0.920002,0.509998,,
8/7/13,3,37.459999,37.27,37.5,37,37.009998,5931300,1,1.080002,-1,3.59001,1.080002,1.43,,
7/31/13,3,36.669998,36.709999,37.419998,36.599998,37.360001,6265400,-1,0.350003,-1,2.510008,-0.350003,0.349998,,
7/24/13,3,38.09,37.860001,38.009998,37.25,37.400002,7193900,1,-0.040001,-1,2.160005,-0.040001,0.700001,,
7/17/13,3,37.48,37.580002,37.84,37.48,37.799999,3291000,-1,0.399997,1,2.200006,-0.399997,0.740002,,
7/10/13,3,36.77,37.25,37.639999,37.07,37.43,11033400,-1,-0.369999,1,1.800009,0.369999,1.139999,,
7/3/13,3,35.209999,35.93,36.18,35.599998,35.84,12203200,1,1.59,1,2.170008,1.59,0.77,,
6/26/13,3,33.740002,33.82,33.880001,33.18,33.799999,4648800,-1,-2.040001,-1,0.580008,2.040001,-0.82,,
6/19/13,3,34.959999,34.959999,35.060001,34.630001,34.779999,3543400,1,-0.98,1,2.620009,-0.98,-2.860001,,
6/12/13,3,33.790001,34.099998,34.240002,33.91,34.029999,5527100,1,0.75,1,3.600009,0.75,-1.880001,,
6/5/13,3,33.200001,33.400002,33.549999,33.240002,33.259998,4373900,1,0.770001,1,2.850009,0.770001,-2.630001,,
5/29/13,3,33.790001,33.700001,33.82,32.98,33.099998,9191200,1,0.16,-1,2.080008,0.16,-3.400002,,
5/22/13,3,34.110001,33.779999,34.099998,33.400002,33.459999,10596600,1,-0.360001,-1,1.920008,-0.360001,-3.560002,,
5/15/13,3,33.560001,33.099998,33.639999,32.84,33.610001,9863700,-1,0.150002,-1,2.280009,-0.150002,-3.200001,,
5/8/13,3,34.009998,34.200001,34.470001,34.119999,34.400002,4918500,-1,0.790001,1,2.130007,-0.790001,-3.049999,,
5/1/13,3,33.16,32.369999,32.560001,32.119999,32.389999,9949000,-1,-2.010003,-1,1.340006,2.010003,-2.259998,,
4/24/13,3,31.860001,32.02,32.669998,31.99,32.66,6590200,-1,0.270001,1,3.350009,-0.270001,-4.270001,,
4/17/13,3,31.76,31.41,31.459999,30.790001,31.01,10026000,1,1.65,-1,3.080008,1.65,-4,,
4/10/13,3,33.639999,33.540001,33.919998,33.459999,33.830002,3904900,-1,2.820002,1,1.430008,-2.820002,-5.65,,
4/3/13,3,34.650002,34.630001,34.669998,33.700001,33.759998,8728900,1,0.070004,-1,-1.389994,0.070004,-2.829998,,
3/27/13,3,34.450001,34.27,34.650002,34.209999,34.549999,4640500,-1,0.790001,1,-1.459998,-0.790001,-2.900002,,
3/20/13,3,33.07,33.43,33.5,33.099998,33.450001,4502100,-1,-1.099998,1,-2.249999,1.099998,-2.110001,,
3/13/13,3,33.259998,33.5,33.560001,33.029999,33.189999,3377400,1,0.260002,1,-1.150001,0.260002,-3.209999,,
3/6/13,3,32.689999,32.59,32.59,32.23,32.540001,4855900,-1,-0.649998,-1,-1.410003,0.649998,-3.470001,,
2/27/13,3,33.330002,33.25,33.599998,33.209999,33.400002,5019700,1,-0.860001,-1,-0.760005,-0.860001,-4.119999,,
2/20/13,3,34.959999,34.98,35.040001,33.919998,34.169998,11400700,1,-0.769996,-1,0.099996,-0.769996,-3.259998,,
2/13/13,3,35.279999,35.419998,35.490002,34.990002,35.189999,5132600,1,-1.020001,1,0.869992,-1.020001,-2.490002,,
2/6/13,3,35.029999,34.549999,35.099998,34.509998,35.040001,4254000,-1,-0.149998,-1,1.889993,0.149998,-1.470001,,
1/30/13,3,35.290001,35.419998,35.529999,35.240002,35.490002,5432400,-1,0.450001,1,2.039991,-0.450001,-1.619999,,
1/23/13,3,35.009998,34.919998,35.009998,34.380001,34.610001,6150300,1,0.880001,1,1.58999,0.880001,-1.169998,,
1/16/13,3,33.990002,34.040001,34.330002,33.959999,34.279999,4235400,-1,-0.330002,1,0.709989,0.330002,-2.049999,,
1/9/13,3,33.959999,33.950001,34.07,33.740002,33.880001,2752600,1,0.399998,1,1.039991,0.399998,-2.380001,,
1/2/13,3,33.369999,34,34.09,33.700001,33.82,5544800,1,0.060001,1,0.639993,0.060001,-2.779999,,
12/26/12,3,32.240002,33.049999,33.23,32.919998,33.150002,5560400,-1,-0.669998,1,0.579992,0.669998,-2.84,,
12/19/12,3,32.18,32.259998,32.880001,32.209999,32.669998,5515200,-1,-0.480004,1,1.24999,0.480004,-3.509998,,
12/12/12,3,31.469999,31.85,32.110001,31.540001,31.780001,6033600,1,0.889997,-1,1.729994,0.889997,-3.990002,,
12/5/12,3,32.400002,32.400002,32.459999,32.060001,32.220001,4802100,1,-0.44,1,0.839997,-0.44,-4.879999,,
11/28/12,3,31.98,31.370001,31.799999,31.290001,31.790001,6680400,-1,-0.43,-1,1.279997,0.43,-4.439999,,
11/21/12,3,31.950001,32,32.169998,31.68,32.119999,9170100,-1,0.329998,1,1.709997,-0.329998,-4.869999,,
11/14/12,3,31.41,31.52,31.92,31.389999,31.77,11898600,-1,-0.349999,1,1.379999,0.349999,-4.540001,,
11/7/12,3,32.560001,31.98,32.130001,31,31.209999,14121100,1,0.560001,-1,1.729998,0.560001,-4.89,,
10/31/12,3,31.790001,31.809999,32.169998,31.700001,31.780001,5258000,1,-0.570002,1,1.169997,-0.570002,-5.450001,,
10/24/12,3,31.969999,31.879999,31.959999,31.35,31.629999,13591100,1,0.150002,-1,1.739999,0.150002,-4.879999,,
10/17/12,3,34.130001,34.279999,34.419998,33.939999,34.099998,5150000,1,-2.469999,1,1.589997,-2.469999,-5.030001,,
10/10/12,3,34.18,34.25,34.700001,33.73,33.84,8406700,1,0.259998,1,4.059996,0.259998,-2.560002,,
10/3/12,3,34.02,33.57,33.59,32.52,32.610001,16350900,1,1.229999,-1,3.799998,1.229999,-2.82,,
9/26/12,3,33.75,33.5,33.509998,32.98,33.34,11275400,-1,0.729999,-1,2.569999,-0.729999,-4.049999,,
9/19/12,3,35.57,34.950001,34.959999,33.959999,34.119999,21758500,1,-0.779999,-1,1.84,-0.779999,-3.32,,
9/12/12,3,36.110001,36.169998,36.279999,35.970001,36.040001,5777700,1,-1.920002,1,2.619999,-1.920002,-2.540001,,
9/5/12,3,35.509998,35.470001,35.59,35.09,35.57,6826200,-1,-0.470001,1,4.540001,0.470001,-0.619999,,
8/29/12,3,35.790001,35.740002,35.740002,35.27,35.380001,7633500,1,0.189999,-1,5.010002,0.189999,-1.09,,
8/22/12,3,35.98,35.970001,36.299999,35.91,36.220001,7176900,-1,0.84,1,4.820003,-0.84,-1.279999,,
8/15/12,3,34.919998,34.689999,35.450001,34.68,35.189999,7811300,-1,-1.030002,1,3.980003,1.030002,-0.439999,,
8/8/12,3,34.91,35.029999,35.369999,34.700001,34.869999,6055600,1,0.32,1,5.010005,0.32,-1.470001,,
8/1/12,3,32.68,33.029999,33.41,32.84,33.169998,8895700,-1,-1.700001,-1,4.690005,1.700001,-1.790001,,
7/25/12,3,33.150002,33.099998,33.380001,32.450001,33.209999,8850200,-1,0.040001,-1,6.390006,-0.040001,-3.490002,,
7/18/12,3,33.380001,33.48,33.75,33.380001,33.689999,6966100,-1,0.48,1,6.350005,-0.48,-3.450001,,
7/11/12,3,31.52,31.950001,32.450001,31.780001,32.330002,12335300,-1,-1.359997,1,5.870005,1.359997,-2.970001,,
6/27/12,3,29.809999,30.120001,30.370001,29.950001,30.200001,9332000,-1,-2.130001,-1,7.230002,2.130001,-4.329998,,
6/20/12,3,31.68,31.549999,31.58,30.360001,30.49,21889300,1,-0.289999,-1,9.360003,-0.289999,-6.459999,,
6/13/12,3,31.42,31.040001,31.65,30.959999,31.1,7133200,1,-0.61,-1,9.650002,-0.61,-6.17,,
6/6/12,3,31.76,32.09,32.509998,31.950001,32.150002,10490600,1,-1.050002,-1,10.260002,-1.050002,-5.56,,
5/30/12,3,34.23,33.52,33.540001,32.93,33.02,7279100,1,-0.869998,-1,11.310004,-0.869998,-4.509998,,
5/23/12,3,34.48,34.419998,34.459999,33.66,34.09,9300000,-1,1.07,-1,12.180002,-1.07,-3.64,,
5/16/12,3,35.279999,35.189999,35.639999,34.939999,35.049999,10645100,1,-0.959999,-1,11.110002,-0.959999,-2.57,,
5/9/12,3,36.869999,36.240002,36.66,36.029999,36.52,11412000,-1,1.470001,-1,12.070001,-1.470001,-1.610001,,
5/2/12,3,40.150002,40.009998,40.060001,39.709999,39.889999,5708100,-1,3.369999,1,10.6,-3.369999,-0.14,,
4/25/12,3,39.169998,39.330002,39.59,39.040001,39.41,8560500,-1,-0.479999,1,7.230001,0.479999,3.229999,,
4/18/12,3,39.639999,39.470001,39.57,38.860001,39.049999,5135400,1,0.360001,1,7.71,0.360001,2.75,,
4/11/12,3,38.509998,38.68,39.23,38.57,39.009998,8232700,-1,-0.040001,1,7.349999,0.040001,2.389999,,
4/4/12,3,39.66,39.119999,39.23,38.470001,38.84,8693400,1,0.169998,-1,7.39,0.169998,2.349998,,
3/28/12,3,40.709999,40.130001,40.200001,39.849998,40.189999,9820600,-1,1.349999,-1,7.220002,-1.349999,2.18,,
3/21/12,3,40.43,40.529999,40.970001,40.43,40.66,8419200,1,-0.470001,1,5.870003,-0.470001,3.529999,,
3/14/12,3,40.830002,40.669998,40.939999,40.220001,40.41,8743000,1,0.25,-1,6.340004,0.25,4,,
3/7/12,3,40.130001,40.029999,40.740002,39.91,40.610001,8874300,-1,0.200001,-1,6.090004,-0.200001,3.75,,
2/29/12,3,40.790001,40.849998,41.07,40.099998,40.919998,19797400,-1,0.309997,1,5.890003,-0.309997,3.950001,,
2/22/12,3,40.580002,40.5,40.830002,40.43,40.59,8848200,1,0.329998,1,5.580006,0.329998,4.259998,,
2/15/12,3,38.84,39.060001,39.18,38.869999,39.18,8856600,-1,-1.41,1,5.250008,1.41,3.93,,
2/8/12,3,37.950001,38.360001,38.439999,37.689999,38.040001,9045800,1,1.139999,1,6.660008,1.139999,2.52,,
2/1/12,3,37.82,38.130001,38.23,37.349998,37.380001,10363300,1,0.66,-1,5.520009,0.66,1.380001,,
1/25/12,3,38.099998,37.82,38.580002,37.490002,38.349998,14198600,-1,0.969997,-1,4.860009,-0.969997,0.720001,,
1/18/12,3,38.790001,38.880001,39.029999,38.439999,38.830002,12455200,-1,0.480004,-1,3.890012,-0.480004,1.689998,,
1/11/12,3,39.34,39.09,39.310001,38.740002,38.919998,8861100,1,-0.089996,-1,3.410008,-0.089996,2.170002,,
1/4/12,3,39.689999,39.5,39.959999,39.380001,39.77,13812800,-1,0.850002,1,3.500004,-0.850002,2.259998,,
12/28/11,3,39.060001,38.880001,38.889999,38.189999,38.34,5654300,1,1.43,1,2.650002,1.43,3.11,,
12/21/11,3,37.560001,37.669998,38.240002,37.52,38.110001,10728000,-1,-0.229999,1,1.220002,0.229999,1.68,,
12/14/11,3,0,37.400002,37.580002,36.380001,36.66,23214500,1,1.450001,1,1.450001,1.450001,1.450001,,
z,,,,,,,,,,,,,,,